{"cameraMode":{"drawMode":0,"name":"Shaded","section":"Shading Mode"},"sceneLighting":true,"audioPlay":false,"sceneViewState":{"m_AlwaysRefresh":false,"showFog":true,"showSkybox":true,"showFlares":true,"showImageEffects":true,"showParticleSystems":true,"showVisualEffectGraphs":true,"m_FxEnabled":true},"in2DMode":false,"pivot":{"x":159.88099670410157,"y":17.142969131469728,"z":117.99482727050781},"rotation":{"x":0.006787964142858982,"y":0.4946935176849365,"z":-0.0038615362718701364,"w":0.8690391778945923},"size":4.0743231773376469,"orthographic":false}