{"cameraMode":{"drawMode":0,"name":"Shaded","section":"Shading Mode"},"sceneLighting":true,"audioPlay":false,"sceneViewState":{"m_AlwaysRefresh":false,"showFog":true,"showSkybox":true,"showFlares":true,"showImageEffects":true,"showParticleSystems":true,"showVisualEffectGraphs":true,"m_FxEnabled":true},"in2DMode":false,"pivot":{"x":-0.20489788055419923,"y":0.5913858413696289,"z":-0.5654056668281555},"rotation":{"x":-0.025800460949540139,"y":0.02158847264945507,"z":-0.0006186580285429955,"w":-0.9994807839393616},"size":4.654627323150635,"orthographic":false}